Workbook

Sheet Summary
A2: ID | B2: Avg mm/min | C2: Avg CU%
A3: med3 | B3: =AVERAGE(med3_1!C26, med3_2!C26, med3_3!C26) -> 0.82833333 | C3: =AVERAGE(med3_1!H15, med3_2!H15, med3_3!H15) -> 0.89058744
A4: low | B4: =AVERAGE(low_1!C26, low_2!C26, low_3!C26) -> 0.93833333 | C4: =AVERAGE(low_1!H15, low_2!H15, low_3!H15) -> 0.67486662
A5: med | B5: =AVERAGE(med_1!C26, med_2!C26, med_3!C26) -> 1.0533333 | C5: =AVERAGE(med_1!H15, med_2!H15, med_3!H15) -> 0.83343287
A6: med2 | B6: =AVERAGE(med2_1!C26, med2_2!C26, med2_3!C26) -> 1.3538889 | C6: =AVERAGE(med2_1!H15, med2_2!H15, med2_3!H15) -> 0.83186287
A7: high | B7: =AVERAGE(high_1!C26, high_2!C26, high_3!C26) -> 1.4533333 | C7: =AVERAGE(high_1!H15, high_2!H15, high_3!H15) -> 0.82494765
A8: high2 | B8: =AVERAGE(high2_1!C26, high2_2!C26, high2_3!C26) -> 1.8266667 | C8: =AVERAGE(high2_1!H15, high2_2!H15, high2_3!H15) -> 0.79735082
A9: high3 | B9: =AVERAGE(high3_1!C26, high3_2!C26, high3_3!C26) -> 1.9405556 | C9: =AVERAGE(high3_1!H15, high3_2!H15, high3_3!H15) -> 0.76798343

Sheet high3_3
A1: Run Info
A2: Nozzle | C2: 460.768
A3: Pressure (pump) | C3: 2.2 bar (valve fully shut)
A4: Pressure (valve) | C4: Fully open
A5: Height above surface | C5: 3.0 m
A6: Sprayer used | C6: Front
A7: Date | C7: 45784
A9: Run Data
A10: y | B10: x | C10: value [mm] | D10: xi-x[mm] | E10: value [ml] | F10: xi-x[ml]
A11: 104 | B11: 50 | C11: 8.9 | D11: =ABS(C11-$C$23) -> 0.975 | E11: =C11*0.001 -> 0.0089 | F11: =ABS(E11-$E$23) -> 0.000975
A12: 104 | B12: 100 | C12: 7.8 | D12: =ABS(C12-$C$23) -> 2.075 | E12: =C12*0.001 -> 0.0078 | F12: =ABS(E12-$E$23) -> 0.002075 | H12: CU
A13: 78 | B13: 25 | C13: 10.9 | D13: =ABS(C13-$C$23) -> 1.025 | E13: =C13*0.001 -> 0.0109 | F13: =ABS(E13-$E$23) -> 0.001025 | H13: =SUM(D11:D35) -> 26.05 | I13: (sum)
A14: 78 | B14: 75 | C14: 13.1 | D14: =ABS(C14-$C$23) -> 3.225 | E14: =C14*0.001 -> 0.0131 | F14: =ABS(E14-$E$23) -> 0.003225 | H14: =C23*12 -> 118.5 | I14: (average*gauges n)
A15: 78 | B15: 125 | C15: 8.8 | D15: =ABS(C15-$C$23) -> 1.075 | E15: =C15*0.001 -> 0.0088 | F15: =ABS(E15-$E$23) -> 0.001075 | H15: =1-(H13/H14) -> 0.78016878
A16: 52 | B16: 50 | C16: 13.1 | D16: =ABS(C16-$C$23) -> 3.225 | E16: =C16*0.001 -> 0.0131 | F16: =ABS(E16-$E$23) -> 0.003225
A17: 52 | B17: 100 | C17: 14.8 | D17: =ABS(C17-$C$23) -> 4.925 | E17: =C17*0.001 -> 0.0148 | F17: =ABS(E17-$E$23) -> 0.004925
A18: 26 | B18: 25 | C18: 7.1 | D18: =ABS(C18-$C$23) -> 2.775 | E18: =C18*0.001 -> 0.0071 | F18: =ABS(E18-$E$23) -> 0.002775
A19: 26 | B19: 75 | C19: 10.5 | D19: =ABS(C19-$C$23) -> 0.625 | E19: =C19*0.001 -> 0.0105 | F19: =ABS(E19-$E$23) -> 0.000625
A20: 26 | B20: 125 | C20: 9.4 | D20: =ABS(C20-$C$23) -> 0.475 | E20: =C20*0.001 -> 0.0094 | F20: =ABS(E20-$E$23) -> 0.000475
A21: 0 | B21: 50 | C21: 6.6 | D21: =ABS(C21-$C$23) -> 3.275 | E21: =C21*0.001 -> 0.0066 | F21: =ABS(E21-$E$23) -> 0.003275
A22: 0 | B22: 100 | C22: 7.5 | D22: =ABS(C22-$C$23) -> 2.375 | E22: =C22*0.001 -> 0.0075 | F22: =ABS(E22-$E$23) -> 0.002375
C23: =AVERAGE(C11:C22) -> 9.875 | D23: in 5 min | E23: =AVERAGE(E11:E22) -> 0.009875
C24: =C23*12 -> 118.5 | D24: in 1h
C25: =C23*6 -> 59.25 | D25: in 30 min
C26: =C23/5 -> 1.975 | D26: per min

Sheet high3_2
A1: Run Info
A2: Nozzle | C2: 460.768
A3: Pressure (pump) | C3: 2.2 bar (valve fully shut)
A4: Pressure (valve) | C4: Fully open
A5: Height above surface | C5: 3.0 m
A6: Sprayer used | C6: Front
A7: Date | C7: 45784
A9: Run Data
A10: y | B10: x | C10: value [mm] | D10: xi-x[mm] | E10: value [ml] | F10: xi-x[ml]
A11: 104 | B11: 50 | C11: 9.4 | D11: =ABS(C11-$C$23) -> 0.24166667 | E11: =C11*0.001 -> 0.0094 | F11: =ABS(E11-$E$23) -> 0.00024166667
A12: 104 | B12: 100 | C12: 8.2 | D12: =ABS(C12-$C$23) -> 1.4416667 | E12: =C12*0.001 -> 0.0082 | F12: =ABS(E12-$E$23) -> 0.0014416667 | H12: CU
A13: 78 | B13: 25 | C13: 10.5 | D13: =ABS(C13-$C$23) -> 0.85833333 | E13: =C13*0.001 -> 0.0105 | F13: =ABS(E13-$E$23) -> 0.00085833333 | H13: =SUM(D11:D35) -> 26.466667 | I13: (sum)
A14: 78 | B14: 75 | C14: 14.6 | D14: =ABS(C14-$C$23) -> 4.9583333 | E14: =C14*0.001 -> 0.0146 | F14: =ABS(E14-$E$23) -> 0.0049583333 | H14: =C23*12 -> 115.7 | I14: (average*gauges n)
A15: 78 | B15: 125 | C15: 9.4 | D15: =ABS(C15-$C$23) -> 0.24166667 | E15: =C15*0.001 -> 0.0094 | F15: =ABS(E15-$E$23) -> 0.00024166667 | H15: =1-(H13/H14) -> 0.77124748
A16: 52 | B16: 50 | C16: 11.8 | D16: =ABS(C16-$C$23) -> 2.1583333 | E16: =C16*0.001 -> 0.0118 | F16: =ABS(E16-$E$23) -> 0.0021583333
A17: 52 | B17: 100 | C17: 14.9 | D17: =ABS(C17-$C$23) -> 5.2583333 | E17: =C17*0.001 -> 0.0149 | F17: =ABS(E17-$E$23) -> 0.0052583333
A18: 26 | B18: 25 | C18: 6.2 | D18: =ABS(C18-$C$23) -> 3.4416667 | E18: =C18*0.001 -> 0.0062 | F18: =ABS(E18-$E$23) -> 0.0034416667
A19: 26 | B19: 75 | C19: 9 | D19: =ABS(C19-$C$23) -> 0.64166667 | E19: =C19*0.001 -> 0.009 | F19: =ABS(E19-$E$23) -> 0.00064166667
A20: 26 | B20: 125 | C20: 9.2 | D20: =ABS(C20-$C$23) -> 0.44166667 | E20: =C20*0.001 -> 0.0092 | F20: =ABS(E20-$E$23) -> 0.00044166667
A21: 0 | B21: 50 | C21: 5.7 | D21: =ABS(C21-$C$23) -> 3.9416667 | E21: =C21*0.001 -> 0.0057 | F21: =ABS(E21-$E$23) -> 0.0039416667
A22: 0 | B22: 100 | C22: 6.8 | D22: =ABS(C22-$C$23) -> 2.8416667 | E22: =C22*0.001 -> 0.0068 | F22: =ABS(E22-$E$23) -> 0.0028416667
C23: =AVERAGE(C11:C22) -> 9.6416667 | D23: in 5 min | E23: =AVERAGE(E11:E22) -> 0.0096416667
C24: =C23*12 -> 115.7 | D24: in 1h
C25: =C23*6 -> 57.85 | D25: in 30 min
C26: =C23/5 -> 1.9283333 | D26: per min

Sheet high3_1
A1: Run Info
A2: Nozzle | C2: 460.768
A3: Pressure (pump) | C3: 2.3 bar (valve fully shut AFTER LEAK FIXED)
A4: Pressure (valve) | C4: Fully open
A5: Height above surface | C5: 3.0 m
A6: Sprayer used | C6: Front
A7: Date | C7: 45784
A9: Run Data
A10: y | B10: x | C10: value [mm] | D10: xi-x[mm] | E10: value [ml] | F10: xi-x[ml]
A11: 104 | B11: 50 | C11: 8.9 | D11: =ABS(C11-$C$23) -> 0.69166667 | E11: =C11*0.001 -> 0.0089 | F11: =ABS(E11-$E$23) -> 0.00069166667
A12: 104 | B12: 100 | C12: 8 | D12: =ABS(C12-$C$23) -> 1.5916667 | E12: =C12*0.001 -> 0.008 | F12: =ABS(E12-$E$23) -> 0.0015916667 | H12: CU
A13: 78 | B13: 25 | C13: 10.3 | D13: =ABS(C13-$C$23) -> 0.70833333 | E13: =C13*0.001 -> 0.0103 | F13: =ABS(E13-$E$23) -> 0.00070833333 | H13: =SUM(D11:D35) -> 28.483333 | I13: (sum)
A14: 78 | B14: 75 | C14: 13 | D14: =ABS(C14-$C$23) -> 3.4083333 | E14: =C14*0.001 -> 0.013 | F14: =ABS(E14-$E$23) -> 0.0034083333 | H14: =C23*12 -> 115.1 | I14: (average*gauges n)
A15: 78 | B15: 125 | C15: 13.8 | D15: =ABS(C15-$C$23) -> 4.2083333 | E15: =C15*0.001 -> 0.0138 | F15: =ABS(E15-$E$23) -> 0.0042083333 | H15: =1-(H13/H14) -> 0.75253403
A16: 52 | B16: 50 | C16: 11.3 | D16: =ABS(C16-$C$23) -> 1.7083333 | E16: =C16*0.001 -> 0.0113 | F16: =ABS(E16-$E$23) -> 0.0017083333
A17: 52 | B17: 100 | C17: 13.8 | D17: =ABS(C17-$C$23) -> 4.2083333 | E17: =C17*0.001 -> 0.0138 | F17: =ABS(E17-$E$23) -> 0.0042083333
A18: 26 | B18: 25 | C18: 6.3 | D18: =ABS(C18-$C$23) -> 3.2916667 | E18: =C18*0.001 -> 0.0063 | F18: =ABS(E18-$E$23) -> 0.0032916667
A19: 26 | B19: 75 | C19: 8.9 | D19: =ABS(C19-$C$23) -> 0.69166667 | E19: =C19*0.001 -> 0.0089 | F19: =ABS(E19-$E$23) -> 0.00069166667
A20: 26 | B20: 125 | C20: 8.8 | D20: =ABS(C20-$C$23) -> 0.79166667 | E20: =C20*0.001 -> 0.0088 | F20: =ABS(E20-$E$23) -> 0.00079166667
A21: 0 | B21: 50 | C21: 5.1 | D21: =ABS(C21-$C$23) -> 4.4916667 | E21: =C21*0.001 -> 0.0051 | F21: =ABS(E21-$E$23) -> 0.0044916667
A22: 0 | B22: 100 | C22: 6.9 | D22: =ABS(C22-$C$23) -> 2.6916667 | E22: =C22*0.001 -> 0.0069 | F22: =ABS(E22-$E$23) -> 0.0026916667
C23: =AVERAGE(C11:C22) -> 9.5916667 | D23: in 5 min | E23: =AVERAGE(E11:E22) -> 0.0095916667
C24: =C23*12 -> 115.1 | D24: in 1h
C25: =C23*6 -> 57.55 | D25: in 30 min
C26: =C23/5 -> 1.9183333 | D26: per min

Sheet high2_3
A1: Run Info
A2: Nozzle | C2: 460.768
A3: Pressure (pump) | C3: 2.4 bar
A4: Pressure (valve) | C4: Fully open
A5: Height above surface | C5: 3.0 m
A6: Sprayer used | C6: Front
A7: Date | C7: 45784
A9: Run Data
A10: y | B10: x | C10: value [mm] | D10: xi-x[mm] | E10: value [ml] | F10: xi-x[ml]
A11: 104 | B11: 50 | C11: 8.8 | D11: =ABS(C11-$C$23) -> 0.41666667 | E11: =C11*0.001 -> 0.0088 | F11: =ABS(E11-$E$23) -> 0.00041666667
A12: 104 | B12: 100 | C12: 8 | D12: =ABS(C12-$C$23) -> 1.2166667 | E12: =C12*0.001 -> 0.008 | F12: =ABS(E12-$E$23) -> 0.0012166667 | H12: CU
A13: 78 | B13: 25 | C13: 10 | D13: =ABS(C13-$C$23) -> 0.78333333 | E13: =C13*0.001 -> 0.01 | F13: =ABS(E13-$E$23) -> 0.00078333333 | H13: =SUM(D11:D35) -> 22.633333 | I13: (sum)
A14: 78 | B14: 75 | C14: 13.2 | D14: =ABS(C14-$C$23) -> 3.9833333 | E14: =C14*0.001 -> 0.0132 | F14: =ABS(E14-$E$23) -> 0.0039833333 | H14: =C23*12 -> 110.6 | I14: (average*gauges n)
A15: 78 | B15: 125 | C15: 8.9 | D15: =ABS(C15-$C$23) -> 0.31666667 | E15: =C15*0.001 -> 0.0089 | F15: =ABS(E15-$E$23) -> 0.00031666667 | H15: =1-(H13/H14) -> 0.79535865
A16: 52 | B16: 50 | C16: 11.4 | D16: =ABS(C16-$C$23) -> 2.1833333 | E16: =C16*0.001 -> 0.0114 | F16: =ABS(E16-$E$23) -> 0.0021833333
A17: 52 | B17: 100 | C17: 13.5 | D17: =ABS(C17-$C$23) -> 4.2833333 | E17: =C17*0.001 -> 0.0135 | F17: =ABS(E17-$E$23) -> 0.0042833333
A18: 26 | B18: 25 | C18: 6.1 | D18: =ABS(C18-$C$23) -> 3.1166667 | E18: =C18*0.001 -> 0.0061 | F18: =ABS(E18-$E$23) -> 0.0031166667
A19: 26 | B19: 75 | C19: 9.3 | D19: =ABS(C19-$C$23) -> 0.083333333 | E19: =C19*0.001 -> 0.0093 | F19: =ABS(E19-$E$23) -> 8.3333333e-05
A20: 26 | B20: 125 | C20: 9.1 | D20: =ABS(C20-$C$23) -> 0.11666667 | E20: =C20*0.001 -> 0.0091 | F20: =ABS(E20-$E$23) -> 0.00011666667
A21: 0 | B21: 50 | C21: 5.5 | D21: =ABS(C21-$C$23) -> 3.7166667 | E21: =C21*0.001 -> 0.0055 | F21: =ABS(E21-$E$23) -> 0.0037166667
A22: 0 | B22: 100 | C22: 6.8 | D22: =ABS(C22-$C$23) -> 2.4166667 | E22: =C22*0.001 -> 0.0068 | F22: =ABS(E22-$E$23) -> 0.0024166667
C23: =AVERAGE(C11:C22) -> 9.2166667 | D23: in 5 min | E23: =AVERAGE(E11:E22) -> 0.0092166667
C24: =C23*12 -> 110.6 | D24: in 1h
C25: =C23*6 -> 55.3 | D25: in 30 min
C26: =C23/5 -> 1.8433333 | D26: per min

Sheet high2_2
A1: Run Info
A2: Nozzle | C2: 460.768
A3: Pressure (pump) | C3: 2.4 bar
A4: Pressure (valve) | C4: Fully open
A5: Height above surface | C5: 3.0 m
A6: Sprayer used | C6: Front
A7: Date | C7: 45784
A9: Run Data
A10: y | B10: x | C10: value [mm] | D10: xi-x[mm] | E10: value [ml] | F10: xi-x[ml]
A11: 104 | B11: 50 | C11: 8.8 | D11: =ABS(C11-$C$23) -> 0.525 | E11: =C11*0.001 -> 0.0088 | F11: =ABS(E11-$E$23) -> 0.000525
A12: 104 | B12: 100 | C12: 8 | D12: =ABS(C12-$C$23) -> 1.325 | E12: =C12*0.001 -> 0.008 | F12: =ABS(E12-$E$23) -> 0.001325 | H12: CU
A13: 78 | B13: 25 | C13: 8.7 | D13: =ABS(C13-$C$23) -> 0.625 | E13: =C13*0.001 -> 0.0087 | F13: =ABS(E13-$E$23) -> 0.000625 | H13: =SUM(D11:D35) -> 23.55 | I13: (sum)
A14: 78 | B14: 75 | C14: 13 | D14: =ABS(C14-$C$23) -> 3.675 | E14: =C14*0.001 -> 0.013 | F14: =ABS(E14-$E$23) -> 0.003675 | H14: =C23*12 -> 111.9 | I14: (average*gauges n)
A15: 78 | B15: 125 | C15: 10.3 | D15: =ABS(C15-$C$23) -> 0.975 | E15: =C15*0.001 -> 0.0103 | F15: =ABS(E15-$E$23) -> 0.000975 | H15: =1-(H13/H14) -> 0.78954424
A16: 52 | B16: 50 | C16: 11.7 | D16: =ABS(C16-$C$23) -> 2.375 | E16: =C16*0.001 -> 0.0117 | F16: =ABS(E16-$E$23) -> 0.002375
A17: 52 | B17: 100 | C17: 13.9 | D17: =ABS(C17-$C$23) -> 4.575 | E17: =C17*0.001 -> 0.0139 | F17: =ABS(E17-$E$23) -> 0.004575
A18: 26 | B18: 25 | C18: 6 | D18: =ABS(C18-$C$23) -> 3.325 | E18: =C18*0.001 -> 0.006 | F18: =ABS(E18-$E$23) -> 0.003325
A19: 26 | B19: 75 | C19: 9.2 | D19: =ABS(C19-$C$23) -> 0.125 | E19: =C19*0.001 -> 0.0092 | F19: =ABS(E19-$E$23) -> 0.000125
A20: 26 | B20: 125 | C20: 9.5 | D20: =ABS(C20-$C$23) -> 0.175 | E20: =C20*0.001 -> 0.0095 | F20: =ABS(E20-$E$23) -> 0.000175
A21: 0 | B21: 50 | C21: 5.8 | D21: =ABS(C21-$C$23) -> 3.525 | E21: =C21*0.001 -> 0.0058 | F21: =ABS(E21-$E$23) -> 0.003525
A22: 0 | B22: 100 | C22: 7 | D22: =ABS(C22-$C$23) -> 2.325 | E22: =C22*0.001 -> 0.007 | F22: =ABS(E22-$E$23) -> 0.002325
C23: =AVERAGE(C11:C22) -> 9.325 | D23: in 5 min | E23: =AVERAGE(E11:E22) -> 0.009325
C24: =C23*12 -> 111.9 | D24: in 1h
C25: =C23*6 -> 55.95 | D25: in 30 min
C26: =C23/5 -> 1.865 | D26: per min

Sheet high2_1
A1: Run Info
A2: Nozzle | C2: 460.768
A3: Pressure (pump) | C3: 2.4 bar
A4: Pressure (valve) | C4: Fully open
A5: Height above surface | C5: 3.0 m
A6: Sprayer used | C6: Front
A7: Date | C7: 45784
A9: Run Data
A10: y | B10: x | C10: value [mm] | D10: xi-x[mm] | E10: value [ml] | F10: xi-x[ml]
A11: 104 | B11: 50 | C11: 8.9 | D11: =ABS(C11-$C$23) -> 0.041666667 | E11: =C11*0.001 -> 0.0089 | F11: =ABS(E11-$E$23) -> 4.1666667e-05
A12: 104 | B12: 100 | C12: 7.7 | D12: =ABS(C12-$C$23) -> 1.1583333 | E12: =C12*0.001 -> 0.0077 | F12: =ABS(E12-$E$23) -> 0.0011583333 | H12: CU
A13: 78 | B13: 25 | C13: 10.3 | D13: =ABS(C13-$C$23) -> 1.4416667 | E13: =C13*0.001 -> 0.0103 | F13: =ABS(E13-$E$23) -> 0.0014416667 | H13: =SUM(D11:D35) -> 20.5 | I13: (sum)
A14: 78 | B14: 75 | C14: 12 | D14: =ABS(C14-$C$23) -> 3.1416667 | E14: =C14*0.001 -> 0.012 | F14: =ABS(E14-$E$23) -> 0.0031416667 | H14: =C23*12 -> 106.3 | I14: (average*gauges n)
A15: 78 | B15: 125 | C15: 8.1 | D15: =ABS(C15-$C$23) -> 0.75833333 | E15: =C15*0.001 -> 0.0081 | F15: =ABS(E15-$E$23) -> 0.00075833333 | H15: =1-(H13/H14) -> 0.80714958
A16: 52 | B16: 50 | C16: 10.1 | D16: =ABS(C16-$C$23) -> 1.2416667 | E16: =C16*0.001 -> 0.0101 | F16: =ABS(E16-$E$23) -> 0.0012416667
A17: 52 | B17: 100 | C17: 12.3 | D17: =ABS(C17-$C$23) -> 3.4416667 | E17: =C17*0.001 -> 0.0123 | F17: =ABS(E17-$E$23) -> 0.0034416667
A18: 26 | B18: 25 | C18: 5.7 | D18: =ABS(C18-$C$23) -> 3.1583333 | E18: =C18*0.001 -> 0.0057 | F18: =ABS(E18-$E$23) -> 0.0031583333
A19: 26 | B19: 75 | C19: 9.8 | D19: =ABS(C19-$C$23) -> 0.94166667 | E19: =C19*0.001 -> 0.0098 | F19: =ABS(E19-$E$23) -> 0.00094166667
A20: 26 | B20: 125 | C20: 8.8 | D20: =ABS(C20-$C$23) -> 0.058333333 | E20: =C20*0.001 -> 0.0088 | F20: =ABS(E20-$E$23) -> 5.8333333e-05
A21: 0 | B21: 50 | C21: 5.7 | D21: =ABS(C21-$C$23) -> 3.1583333 | E21: =C21*0.001 -> 0.0057 | F21: =ABS(E21-$E$23) -> 0.0031583333
A22: 0 | B22: 100 | C22: 6.9 | D22: =ABS(C22-$C$23) -> 1.9583333 | E22: =C22*0.001 -> 0.0069 | F22: =ABS(E22-$E$23) -> 0.0019583333
C23: =AVERAGE(C11:C22) -> 8.8583333 | D23: in 5 min | E23: =AVERAGE(E11:E22) -> 0.0088583333
C24: =C23*12 -> 106.3 | D24: in 1h
C25: =C23*6 -> 53.15 | D25: in 30 min
C26: =C23/5 -> 1.7716667 | D26: per min

Sheet high_3
A1: Run Info
A2: Nozzle | C2: 460.768
A3: Pressure (pump) | C3: 2 bar
A4: Pressure (valve) | C4: Fully open
A5: Height above surface | C5: 3.0 m
A6: Sprayer used | C6: Front
A7: Date | C7: 45784
A9: Run Data
A10: y | B10: x | C10: value [mm] | D10: xi-x[mm] | E10: value [ml] | F10: xi-x[ml]
A11: 104 | B11: 50 | C11: 7.2 | D11: =ABS(C11-$C$23) -> 8.8817842e-16 | E11: =C11*0.001 -> 0.0072 | F11: =ABS(E11-$E$23) -> 0
A12: 104 | B12: 100 | C12: 6.3 | D12: =ABS(C12-$C$23) -> 0.9 | E12: =C12*0.001 -> 0.0063 | F12: =ABS(E12-$E$23) -> 0.0009 | H12: CU
A13: 78 | B13: 25 | C13: 7.5 | D13: =ABS(C13-$C$23) -> 0.3 | E13: =C13*0.001 -> 0.0075 | F13: =ABS(E13-$E$23) -> 0.0003 | H13: =SUM(D11:D35) -> 14.2 | I13: (sum)
A14: 78 | B14: 75 | C14: 9.4 | D14: =ABS(C14-$C$23) -> 2.2 | E14: =C14*0.001 -> 0.0094 | F14: =ABS(E14-$E$23) -> 0.0022 | H14: =C23*12 -> 86.4 | I14: (average*gauges n)
A15: 78 | B15: 125 | C15: 6.7 | D15: =ABS(C15-$C$23) -> 0.5 | E15: =C15*0.001 -> 0.0067 | F15: =ABS(E15-$E$23) -> 0.0005 | H15: =1-(H13/H14) -> 0.83564815
A16: 52 | B16: 50 | C16: 8.2 | D16: =ABS(C16-$C$23) -> 1 | E16: =C16*0.001 -> 0.0082 | F16: =ABS(E16-$E$23) -> 0.001
A17: 52 | B17: 100 | C17: 10 | D17: =ABS(C17-$C$23) -> 2.8 | E17: =C17*0.001 -> 0.01 | F17: =ABS(E17-$E$23) -> 0.0028
A18: 26 | B18: 25 | C18: 5 | D18: =ABS(C18-$C$23) -> 2.2 | E18: =C18*0.001 -> 0.005 | F18: =ABS(E18-$E$23) -> 0.0022
A19: 26 | B19: 75 | C19: 8 | D19: =ABS(C19-$C$23) -> 0.8 | E19: =C19*0.001 -> 0.008 | F19: =ABS(E19-$E$23) -> 0.0008
A20: 26 | B20: 125 | C20: 7 | D20: =ABS(C20-$C$23) -> 0.2 | E20: =C20*0.001 -> 0.007 | F20: =ABS(E20-$E$23) -> 0.0002
A21: 0 | B21: 50 | C21: 5 | D21: =ABS(C21-$C$23) -> 2.2 | E21: =C21*0.001 -> 0.005 | F21: =ABS(E21-$E$23) -> 0.0022
A22: 0 | B22: 100 | C22: 6.1 | D22: =ABS(C22-$C$23) -> 1.1 | E22: =C22*0.001 -> 0.0061 | F22: =ABS(E22-$E$23) -> 0.0011
C23: =AVERAGE(C11:C22) -> 7.2 | D23: in 5 min | E23: =AVERAGE(E11:E22) -> 0.0072
C24: =C23*12 -> 86.4 | D24: in 1h
C25: =C23*6 -> 43.2 | D25: in 30 min
C26: =C23/5 -> 1.44 | D26: per min

Sheet high_2
A1: Run Info
A2: Nozzle | C2: 460.768
A3: Pressure (pump) | C3: 2 bar
A4: Pressure (valve) | C4: Fully open
A5: Height above surface | C5: 3.0 m
A6: Sprayer used | C6: Front
A7: Date | C7: 45784
A9: Run Data
A10: y | B10: x | C10: value [mm] | D10: xi-x[mm] | E10: value [ml] | F10: xi-x[ml]
A11: 104 | B11: 50 | C11: 7.9 | D11: =ABS(C11-$C$23) -> 0.575 | E11: =C11*0.001 -> 0.0079 | F11: =ABS(E11-$E$23) -> 0.000575
A12: 104 | B12: 100 | C12: 6.6 | D12: =ABS(C12-$C$23) -> 0.725 | E12: =C12*0.001 -> 0.0066 | F12: =ABS(E12-$E$23) -> 0.000725 | H12: CU
A13: 78 | B13: 25 | C13: 7.5 | D13: =ABS(C13-$C$23) -> 0.175 | E13: =C13*0.001 -> 0.0075 | F13: =ABS(E13-$E$23) -> 0.000175 | H13: =SUM(D11:D35) -> 14.9 | I13: (sum)
A14: 78 | B14: 75 | C14: 9.8 | D14: =ABS(C14-$C$23) -> 2.475 | E14: =C14*0.001 -> 0.0098 | F14: =ABS(E14-$E$23) -> 0.002475 | H14: =C23*12 -> 87.9 | I14: (average*gauges n)
A15: 78 | B15: 125 | C15: 6.9 | D15: =ABS(C15-$C$23) -> 0.425 | E15: =C15*0.001 -> 0.0069 | F15: =ABS(E15-$E$23) -> 0.000425 | H15: =1-(H13/H14) -> 0.83048919
A16: 52 | B16: 50 | C16: 8.3 | D16: =ABS(C16-$C$23) -> 0.975 | E16: =C16*0.001 -> 0.0083 | F16: =ABS(E16-$E$23) -> 0.000975
A17: 52 | B17: 100 | C17: 10 | D17: =ABS(C17-$C$23) -> 2.675 | E17: =C17*0.001 -> 0.01 | F17: =ABS(E17-$E$23) -> 0.002675
A18: 26 | B18: 25 | C18: 5 | D18: =ABS(C18-$C$23) -> 2.325 | E18: =C18*0.001 -> 0.005 | F18: =ABS(E18-$E$23) -> 0.002325
A19: 26 | B19: 75 | C19: 7.9 | D19: =ABS(C19-$C$23) -> 0.575 | E19: =C19*0.001 -> 0.0079 | F19: =ABS(E19-$E$23) -> 0.000575
A20: 26 | B20: 125 | C20: 7 | D20: =ABS(C20-$C$23) -> 0.325 | E20: =C20*0.001 -> 0.007 | F20: =ABS(E20-$E$23) -> 0.000325
A21: 0 | B21: 50 | C21: 4.9 | D21: =ABS(C21-$C$23) -> 2.425 | E21: =C21*0.001 -> 0.0049 | F21: =ABS(E21-$E$23) -> 0.002425
A22: 0 | B22: 100 | C22: 6.1 | D22: =ABS(C22-$C$23) -> 1.225 | E22: =C22*0.001 -> 0.0061 | F22: =ABS(E22-$E$23) -> 0.001225
C23: =AVERAGE(C11:C22) -> 7.325 | D23: in 5 min | E23: =AVERAGE(E11:E22) -> 0.007325
C24: =C23*12 -> 87.9 | D24: in 1h
C25: =C23*6 -> 43.95 | D25: in 30 min
C26: =C23/5 -> 1.465 | D26: per min

Sheet high_1
A1: Run Info
A2: Nozzle | C2: 460.768
A3: Pressure (pump) | C3: 2 bar
A4: Pressure (valve) | C4: Fully open
A5: Height above surface | C5: 3.0 m
A6: Sprayer used | C6: Front
A7: Date | C7: 45784
A9: Run Data
A10: y | B10: x | C10: value [mm] | D10: xi-x[mm] | E10: value [ml] | F10: xi-x[ml]
A11: 104 | B11: 50 | C11: 7.8 | D11: =ABS(C11-$C$23) -> 0.525 | E11: =C11*0.001 -> 0.0078 | F11: =ABS(E11-$E$23) -> 0.000525
A12: 104 | B12: 100 | C12: 6.2 | D12: =ABS(C12-$C$23) -> 1.075 | E12: =C12*0.001 -> 0.0062 | F12: =ABS(E12-$E$23) -> 0.001075 | H12: CU
A13: 78 | B13: 25 | C13: 8 | D13: =ABS(C13-$C$23) -> 0.725 | E13: =C13*0.001 -> 0.008 | F13: =ABS(E13-$E$23) -> 0.000725 | H13: =SUM(D11:D35) -> 16.7 | I13: (sum)
A14: 78 | B14: 75 | C14: 9.6 | D14: =ABS(C14-$C$23) -> 2.325 | E14: =C14*0.001 -> 0.0096 | F14: =ABS(E14-$E$23) -> 0.002325 | H14: =C23*12 -> 87.3 | I14: (average*gauges n)
A15: 78 | B15: 125 | C15: 7 | D15: =ABS(C15-$C$23) -> 0.275 | E15: =C15*0.001 -> 0.007 | F15: =ABS(E15-$E$23) -> 0.000275 | H15: =1-(H13/H14) -> 0.80870561
A16: 52 | B16: 50 | C16: 8.2 | D16: =ABS(C16-$C$23) -> 0.925 | E16: =C16*0.001 -> 0.0082 | F16: =ABS(E16-$E$23) -> 0.000925
A17: 52 | B17: 100 | C17: 10.5 | D17: =ABS(C17-$C$23) -> 3.225 | E17: =C17*0.001 -> 0.0105 | F17: =ABS(E17-$E$23) -> 0.003225
A18: 26 | B18: 25 | C18: 5 | D18: =ABS(C18-$C$23) -> 2.275 | E18: =C18*0.001 -> 0.005 | F18: =ABS(E18-$E$23) -> 0.002275
A19: 26 | B19: 75 | C19: 7.9 | D19: =ABS(C19-$C$23) -> 0.625 | E19: =C19*0.001 -> 0.0079 | F19: =ABS(E19-$E$23) -> 0.000625
A20: 26 | B20: 125 | C20: 7 | D20: =ABS(C20-$C$23) -> 0.275 | E20: =C20*0.001 -> 0.007 | F20: =ABS(E20-$E$23) -> 0.000275
A21: 0 | B21: 50 | C21: 5 | D21: =ABS(C21-$C$23) -> 2.275 | E21: =C21*0.001 -> 0.005 | F21: =ABS(E21-$E$23) -> 0.002275
A22: 0 | B22: 100 | C22: 5.1 | D22: =ABS(C22-$C$23) -> 2.175 | E22: =C22*0.001 -> 0.0051 | F22: =ABS(E22-$E$23) -> 0.002175
C23: =AVERAGE(C11:C22) -> 7.275 | D23: in 5 min | E23: =AVERAGE(E11:E22) -> 0.007275
C24: =C23*12 -> 87.3 | D24: in 1h
C25: =C23*6 -> 43.65 | D25: in 30 min
C26: =C23/5 -> 1.455 | D26: per min

Sheet med3_3
A1: Run Info
A2: Nozzle | C2: 460.728
A3: Pressure (pump) | C3: 1.5 bar
A4: Pressure (valve) | C4: Fully open
A5: Height above surface | C5: 3.0 m
A6: Sprayer used | C6: Front
A7: Date | C7: 45784
A9: Run Data
A10: y | B10: x | C10: value [mm] | D10: xi-x[mm] | E10: value [ml] | F10: xi-x[ml]
A11: 104 | B11: 50 | C11: 3.2 | D11: =ABS(C11-$C$23) -> 0.9 | E11: =C11*0.001 -> 0.0032 | F11: =ABS(E11-$E$23) -> 0.0009
A12: 104 | B12: 100 | C12: 4 | D12: =ABS(C12-$C$23) -> 0.1 | E12: =C12*0.001 -> 0.004 | F12: =ABS(E12-$E$23) -> 0.0001 | H12: CU
A13: 78 | B13: 25 | C13: 3.5 | D13: =ABS(C13-$C$23) -> 0.6 | E13: =C13*0.001 -> 0.0035 | F13: =ABS(E13-$E$23) -> 0.0006 | H13: =SUM(D11:D35) -> 6 | I13: (sum)
A14: 78 | B14: 75 | C14: 4.7 | D14: =ABS(C14-$C$23) -> 0.6 | E14: =C14*0.001 -> 0.0047 | F14: =ABS(E14-$E$23) -> 0.0006 | H14: =C23*12 -> 49.2 | I14: (average*gauges n)
A15: 78 | B15: 125 | C15: 4.1 | D15: =ABS(C15-$C$23) -> 8.8817842e-16 | E15: =C15*0.001 -> 0.0041 | F15: =ABS(E15-$E$23) -> 8.6736174e-19 | H15: =1-(H13/H14) -> 0.87804878
A16: 52 | B16: 50 | C16: 5 | D16: =ABS(C16-$C$23) -> 0.9 | E16: =C16*0.001 -> 0.005 | F16: =ABS(E16-$E$23) -> 0.0009
A17: 52 | B17: 100 | C17: 5 | D17: =ABS(C17-$C$23) -> 0.9 | E17: =C17*0.001 -> 0.005 | F17: =ABS(E17-$E$23) -> 0.0009
A18: 26 | B18: 25 | C18: 3.9 | D18: =ABS(C18-$C$23) -> 0.2 | E18: =C18*0.001 -> 0.0039 | F18: =ABS(E18-$E$23) -> 0.0002
A19: 26 | B19: 75 | C19: 4.7 | D19: =ABS(C19-$C$23) -> 0.6 | E19: =C19*0.001 -> 0.0047 | F19: =ABS(E19-$E$23) -> 0.0006
A20: 26 | B20: 125 | C20: 4 | D20: =ABS(C20-$C$23) -> 0.1 | E20: =C20*0.001 -> 0.004 | F20: =ABS(E20-$E$23) -> 0.0001
A21: 0 | B21: 50 | C21: 3.2 | D21: =ABS(C21-$C$23) -> 0.9 | E21: =C21*0.001 -> 0.0032 | F21: =ABS(E21-$E$23) -> 0.0009
A22: 0 | B22: 100 | C22: 3.9 | D22: =ABS(C22-$C$23) -> 0.2 | E22: =C22*0.001 -> 0.0039 | F22: =ABS(E22-$E$23) -> 0.0002
C23: =AVERAGE(C11:C22) -> 4.1 | D23: in 5 min | E23: =AVERAGE(E11:E22) -> 0.0041
C24: =C23*12 -> 49.2 | D24: in 1h
C25: =C23*6 -> 24.6 | D25: in 30 min
C26: =C23/5 -> 0.82 | D26: per min

Sheet med3_2
A1: Run Info
A2: Nozzle | C2: 460.728
A3: Pressure (pump) | C3: 1.5 bar
A4: Pressure (valve) | C4: Fully open
A5: Height above surface | C5: 3.0 m
A6: Sprayer used | C6: Front
A7: Date | C7: 45784
A9: Run Data
A10: y | B10: x | C10: value [mm] | D10: xi-x[mm] | E10: value [ml] | F10: xi-x[ml]
A11: 104 | B11: 50 | C11: 3 | D11: =ABS(C11-$C$23) -> 1.1916667 | E11: =C11*0.001 -> 0.003 | F11: =ABS(E11-$E$23) -> 0.0011916667
A12: 104 | B12: 100 | C12: 4.1 | D12: =ABS(C12-$C$23) -> 0.091666667 | E12: =C12*0.001 -> 0.0041 | F12: =ABS(E12-$E$23) -> 9.1666667e-05 | H12: CU
A13: 78 | B13: 25 | C13: 4.3 | D13: =ABS(C13-$C$23) -> 0.10833333 | E13: =C13*0.001 -> 0.0043 | F13: =ABS(E13-$E$23) -> 0.00010833333 | H13: =SUM(D11:D35) -> 4.9 | I13: (sum)
A14: 78 | B14: 75 | C14: 4.4 | D14: =ABS(C14-$C$23) -> 0.20833333 | E14: =C14*0.001 -> 0.0044 | F14: =ABS(E14-$E$23) -> 0.00020833333 | H14: =C23*12 -> 50.3 | I14: (average*gauges n)
A15: 78 | B15: 125 | C15: 4.1 | D15: =ABS(C15-$C$23) -> 0.091666667 | E15: =C15*0.001 -> 0.0041 | F15: =ABS(E15-$E$23) -> 9.1666667e-05 | H15: =1-(H13/H14) -> 0.90258449
A16: 52 | B16: 50 | C16: 4.9 | D16: =ABS(C16-$C$23) -> 0.70833333 | E16: =C16*0.001 -> 0.0049 | F16: =ABS(E16-$E$23) -> 0.00070833333
A17: 52 | B17: 100 | C17: 5 | D17: =ABS(C17-$C$23) -> 0.80833333 | E17: =C17*0.001 -> 0.005 | F17: =ABS(E17-$E$23) -> 0.00080833333
A18: 26 | B18: 25 | C18: 4.2 | D18: =ABS(C18-$C$23) -> 0.0083333333 | E18: =C18*0.001 -> 0.0042 | F18: =ABS(E18-$E$23) -> 8.3333333e-06
A19: 26 | B19: 75 | C19: 4.8 | D19: =ABS(C19-$C$23) -> 0.60833333 | E19: =C19*0.001 -> 0.0048 | F19: =ABS(E19-$E$23) -> 0.00060833333
A20: 26 | B20: 125 | C20: 4 | D20: =ABS(C20-$C$23) -> 0.19166667 | E20: =C20*0.001 -> 0.004 | F20: =ABS(E20-$E$23) -> 0.00019166667
A21: 0 | B21: 50 | C21: 4 | D21: =ABS(C21-$C$23) -> 0.19166667 | E21: =C21*0.001 -> 0.004 | F21: =ABS(E21-$E$23) -> 0.00019166667
A22: 0 | B22: 100 | C22: 3.5 | D22: =ABS(C22-$C$23) -> 0.69166667 | E22: =C22*0.001 -> 0.0035 | F22: =ABS(E22-$E$23) -> 0.00069166667
C23: =AVERAGE(C11:C22) -> 4.1916667 | D23: in 5 min | E23: =AVERAGE(E11:E22) -> 0.0041916667
C24: =C23*12 -> 50.3 | D24: in 1h
C25: =C23*6 -> 25.15 | D25: in 30 min
C26: =C23/5 -> 0.83833333 | D26: per min

Sheet med3_1
A1: Run Info
A2: Nozzle | C2: 460.728
A3: Pressure (pump) | C3: 1.5 bar
A4: Pressure (valve) | C4: Fully open
A5: Height above surface | C5: 3.0 m
A6: Sprayer used | C6: Front
A7: Date | C7: 45784
A9: Run Data
A10: y | B10: x | C10: value [mm] | D10: xi-x[mm] | E10: value [ml] | F10: xi-x[ml]
A11: 104 | B11: 50 | C11: 3.5 | D11: =ABS(C11-$C$23) -> 0.63333333 | E11: =C11*0.001 -> 0.0035 | F11: =ABS(E11-$E$23) -> 0.00063333333
A12: 104 | B12: 100 | C12: 4 | D12: =ABS(C12-$C$23) -> 0.13333333 | E12: =C12*0.001 -> 0.004 | F12: =ABS(E12-$E$23) -> 0.00013333333 | H12: CU
A13: 78 | B13: 25 | C13: 4 | D13: =ABS(C13-$C$23) -> 0.13333333 | E13: =C13*0.001 -> 0.004 | F13: =ABS(E13-$E$23) -> 0.00013333333 | H13: =SUM(D11:D35) -> 5.4 | I13: (sum)
A14: 78 | B14: 75 | C14: 5 | D14: =ABS(C14-$C$23) -> 0.86666667 | E14: =C14*0.001 -> 0.005 | F14: =ABS(E14-$E$23) -> 0.00086666667 | H14: =C23*12 -> 49.6 | I14: (average*gauges n)
A15: 78 | B15: 125 | C15: 4 | D15: =ABS(C15-$C$23) -> 0.13333333 | E15: =C15*0.001 -> 0.004 | F15: =ABS(E15-$E$23) -> 0.00013333333 | H15: =1-(H13/H14) -> 0.89112903
A16: 52 | B16: 50 | C16: 5.1 | D16: =ABS(C16-$C$23) -> 0.96666667 | E16: =C16*0.001 -> 0.0051 | F16: =ABS(E16-$E$23) -> 0.00096666667
A17: 52 | B17: 100 | C17: 5 | D17: =ABS(C17-$C$23) -> 0.86666667 | E17: =C17*0.001 -> 0.005 | F17: =ABS(E17-$E$23) -> 0.00086666667
A18: 26 | B18: 25 | C18: 3.8 | D18: =ABS(C18-$C$23) -> 0.33333333 | E18: =C18*0.001 -> 0.0038 | F18: =ABS(E18-$E$23) -> 0.00033333333
A19: 26 | B19: 75 | C19: 4 | D19: =ABS(C19-$C$23) -> 0.13333333 | E19: =C19*0.001 -> 0.004 | F19: =ABS(E19-$E$23) -> 0.00013333333
A20: 26 | B20: 125 | C20: 4 | D20: =ABS(C20-$C$23) -> 0.13333333 | E20: =C20*0.001 -> 0.004 | F20: =ABS(E20-$E$23) -> 0.00013333333
A21: 0 | B21: 50 | C21: 3.5 | D21: =ABS(C21-$C$23) -> 0.63333333 | E21: =C21*0.001 -> 0.0035 | F21: =ABS(E21-$E$23) -> 0.00063333333
A22: 0 | B22: 100 | C22: 3.7 | D22: =ABS(C22-$C$23) -> 0.43333333 | E22: =C22*0.001 -> 0.0037 | F22: =ABS(E22-$E$23) -> 0.00043333333
C23: =AVERAGE(C11:C22) -> 4.1333333 | D23: in 5 min | E23: =AVERAGE(E11:E22) -> 0.0041333333
C24: =C23*12 -> 49.6 | D24: in 1h
C25: =C23*6 -> 24.8 | D25: in 30 min
C26: =C23/5 -> 0.82666667 | D26: per min

Sheet med2_3
A1: Run Info
A2: Nozzle | C2: 460.728
A3: Pressure (pump) | C3: 2.5 bar
A4: Pressure (valve) | C4: Fully open
A5: Height above surface | C5: 3.0 m
A6: Sprayer used | C6: Front
A7: Date | C7: 45784
A9: Run Data
A10: y | B10: x | C10: value [mm] | D10: xi-x[mm] | E10: value [ml] | F10: xi-x[ml]
A11: 104 | B11: 50 | C11: 5.5 | D11: =ABS(C11-$C$23) -> 1.2583333 | E11: =C11*0.001 -> 0.0055 | F11: =ABS(E11-$E$23) -> 0.0012583333
A12: 104 | B12: 100 | C12: 6.9 | D12: =ABS(C12-$C$23) -> 0.14166667 | E12: =C12*0.001 -> 0.0069 | F12: =ABS(E12-$E$23) -> 0.00014166667 | H12: CU
A13: 78 | B13: 25 | C13: 7.1 | D13: =ABS(C13-$C$23) -> 0.34166667 | E13: =C13*0.001 -> 0.0071 | F13: =ABS(E13-$E$23) -> 0.00034166667 | H13: =SUM(D11:D35) -> 13.183333 | I13: (sum)
A14: 78 | B14: 75 | C14: 8.5 | D14: =ABS(C14-$C$23) -> 1.7416667 | E14: =C14*0.001 -> 0.0085 | F14: =ABS(E14-$E$23) -> 0.0017416667 | H14: =C23*12 -> 81.1 | I14: (average*gauges n)
A15: 78 | B15: 125 | C15: 7 | D15: =ABS(C15-$C$23) -> 0.24166667 | E15: =C15*0.001 -> 0.007 | F15: =ABS(E15-$E$23) -> 0.00024166667 | H15: =1-(H13/H14) -> 0.83744349
A16: 52 | B16: 50 | C16: 8.9 | D16: =ABS(C16-$C$23) -> 2.1416667 | E16: =C16*0.001 -> 0.0089 | F16: =ABS(E16-$E$23) -> 0.0021416667
A17: 52 | B17: 100 | C17: 8.5 | D17: =ABS(C17-$C$23) -> 1.7416667 | E17: =C17*0.001 -> 0.0085 | F17: =ABS(E17-$E$23) -> 0.0017416667
A18: 26 | B18: 25 | C18: 6 | D18: =ABS(C18-$C$23) -> 0.75833333 | E18: =C18*0.001 -> 0.006 | F18: =ABS(E18-$E$23) -> 0.00075833333
A19: 26 | B19: 75 | C19: 7 | D19: =ABS(C19-$C$23) -> 0.24166667 | E19: =C19*0.001 -> 0.007 | F19: =ABS(E19-$E$23) -> 0.00024166667
A20: 26 | B20: 125 | C20: 5.5 | D20: =ABS(C20-$C$23) -> 1.2583333 | E20: =C20*0.001 -> 0.0055 | F20: =ABS(E20-$E$23) -> 0.0012583333
A21: 0 | B21: 50 | C21: 5 | D21: =ABS(C21-$C$23) -> 1.7583333 | E21: =C21*0.001 -> 0.005 | F21: =ABS(E21-$E$23) -> 0.0017583333
A22: 0 | B22: 100 | C22: 5.2 | D22: =ABS(C22-$C$23) -> 1.5583333 | E22: =C22*0.001 -> 0.0052 | F22: =ABS(E22-$E$23) -> 0.0015583333
C23: =AVERAGE(C11:C22) -> 6.7583333 | D23: in 5 min | E23: =AVERAGE(E11:E22) -> 0.0067583333
C24: =C23*12 -> 81.1 | D24: in 1h
C25: =C23*6 -> 40.55 | D25: in 30 min
C26: =C23/5 -> 1.3516667 | D26: per min

Sheet med2_2
A1: Run Info
A2: Nozzle | C2: 460.728
A3: Pressure (pump) | C3: 2.5 bar
A4: Pressure (valve) | C4: Fully open
A5: Height above surface | C5: 3.0 m
A6: Sprayer used | C6: Front
A7: Date | C7: 45784
A9: Run Data
A10: y | B10: x | C10: value [mm] | D10: xi-x[mm] | E10: value [ml] | F10: xi-x[ml]
A11: 104 | B11: 50 | C11: 5.8 | D11: =ABS(C11-$C$23) -> 0.94166667 | E11: =C11*0.001 -> 0.0058 | F11: =ABS(E11-$E$23) -> 0.00094166667
A12: 104 | B12: 100 | C12: 6.4 | D12: =ABS(C12-$C$23) -> 0.34166667 | E12: =C12*0.001 -> 0.0064 | F12: =ABS(E12-$E$23) -> 0.00034166667 | H12: CU
A13: 78 | B13: 25 | C13: 7 | D13: =ABS(C13-$C$23) -> 0.25833333 | E13: =C13*0.001 -> 0.007 | F13: =ABS(E13-$E$23) -> 0.00025833333 | H13: =SUM(D11:D35) -> 13.1 | I13: (sum)
A14: 78 | B14: 75 | C14: 8.3 | D14: =ABS(C14-$C$23) -> 1.5583333 | E14: =C14*0.001 -> 0.0083 | F14: =ABS(E14-$E$23) -> 0.0015583333 | H14: =C23*12 -> 80.9 | I14: (average*gauges n)
A15: 78 | B15: 125 | C15: 7 | D15: =ABS(C15-$C$23) -> 0.25833333 | E15: =C15*0.001 -> 0.007 | F15: =ABS(E15-$E$23) -> 0.00025833333 | H15: =1-(H13/H14) -> 0.83807169
A16: 52 | B16: 50 | C16: 8.8 | D16: =ABS(C16-$C$23) -> 2.0583333 | E16: =C16*0.001 -> 0.0088 | F16: =ABS(E16-$E$23) -> 0.0020583333
A17: 52 | B17: 100 | C17: 8.9 | D17: =ABS(C17-$C$23) -> 2.1583333 | E17: =C17*0.001 -> 0.0089 | F17: =ABS(E17-$E$23) -> 0.0021583333
A18: 26 | B18: 25 | C18: 5.6 | D18: =ABS(C18-$C$23) -> 1.1416667 | E18: =C18*0.001 -> 0.0056 | F18: =ABS(E18-$E$23) -> 0.0011416667
A19: 26 | B19: 75 | C19: 7 | D19: =ABS(C19-$C$23) -> 0.25833333 | E19: =C19*0.001 -> 0.007 | F19: =ABS(E19-$E$23) -> 0.00025833333
A20: 26 | B20: 125 | C20: 5.7 | D20: =ABS(C20-$C$23) -> 1.0416667 | E20: =C20*0.001 -> 0.0057 | F20: =ABS(E20-$E$23) -> 0.0010416667
A21: 0 | B21: 50 | C21: 5 | D21: =ABS(C21-$C$23) -> 1.7416667 | E21: =C21*0.001 -> 0.005 | F21: =ABS(E21-$E$23) -> 0.0017416667
A22: 0 | B22: 100 | C22: 5.4 | D22: =ABS(C22-$C$23) -> 1.3416667 | E22: =C22*0.001 -> 0.0054 | F22: =ABS(E22-$E$23) -> 0.0013416667
C23: =AVERAGE(C11:C22) -> 6.7416667 | D23: in 5 min | E23: =AVERAGE(E11:E22) -> 0.0067416667
C24: =C23*12 -> 80.9 | D24: in 1h
C25: =C23*6 -> 40.45 | D25: in 30 min
C26: =C23/5 -> 1.3483333 | D26: per min

Sheet med2_1
A1: Run Info
A2: Nozzle | C2: 460.728
A3: Pressure (pump) | C3: 2.5 bar
A4: Pressure (valve) | C4: Fully open
A5: Height above surface | C5: 3.0 m
A6: Sprayer used | C6: Front
A7: Date | C7: 45784
A9: Run Data
A10: y | B10: x | C10: value [mm] | D10: xi-x[mm] | E10: value [ml] | F10: xi-x[ml]
A11: 104 | B11: 50 | C11: 6.1 | D11: =ABS(C11-$C$23) -> 0.70833333 | E11: =C11*0.001 -> 0.0061 | F11: =ABS(E11-$E$23) -> 0.00070833333
A12: 104 | B12: 100 | C12: 6.2 | D12: =ABS(C12-$C$23) -> 0.60833333 | E12: =C12*0.001 -> 0.0062 | F12: =ABS(E12-$E$23) -> 0.00060833333 | H12: CU
A13: 78 | B13: 25 | C13: 7 | D13: =ABS(C13-$C$23) -> 0.19166667 | E13: =C13*0.001 -> 0.007 | F13: =ABS(E13-$E$23) -> 0.00019166667 | H13: =SUM(D11:D35) -> 14.7 | I13: (sum)
A14: 78 | B14: 75 | C14: 8 | D14: =ABS(C14-$C$23) -> 1.1916667 | E14: =C14*0.001 -> 0.008 | F14: =ABS(E14-$E$23) -> 0.0011916667 | H14: =C23*12 -> 81.7 | I14: (average*gauges n)
A15: 78 | B15: 125 | C15: 7.1 | D15: =ABS(C15-$C$23) -> 0.29166667 | E15: =C15*0.001 -> 0.0071 | F15: =ABS(E15-$E$23) -> 0.00029166667 | H15: =1-(H13/H14) -> 0.82007344
A16: 52 | B16: 50 | C16: 8.7 | D16: =ABS(C16-$C$23) -> 1.8916667 | E16: =C16*0.001 -> 0.0087 | F16: =ABS(E16-$E$23) -> 0.0018916667
A17: 52 | B17: 100 | C17: 9 | D17: =ABS(C17-$C$23) -> 2.1916667 | E17: =C17*0.001 -> 0.009 | F17: =ABS(E17-$E$23) -> 0.0021916667
A18: 26 | B18: 25 | C18: 5.5 | D18: =ABS(C18-$C$23) -> 1.3083333 | E18: =C18*0.001 -> 0.0055 | F18: =ABS(E18-$E$23) -> 0.0013083333
A19: 26 | B19: 75 | C19: 8.4 | D19: =ABS(C19-$C$23) -> 1.5916667 | E19: =C19*0.001 -> 0.0084 | F19: =ABS(E19-$E$23) -> 0.0015916667
A20: 26 | B20: 125 | C20: 5.7 | D20: =ABS(C20-$C$23) -> 1.1083333 | E20: =C20*0.001 -> 0.0057 | F20: =ABS(E20-$E$23) -> 0.0011083333
A21: 0 | B21: 50 | C21: 5 | D21: =ABS(C21-$C$23) -> 1.8083333 | E21: =C21*0.001 -> 0.005 | F21: =ABS(E21-$E$23) -> 0.0018083333
A22: 0 | B22: 100 | C22: 5 | D22: =ABS(C22-$C$23) -> 1.8083333 | E22: =C22*0.001 -> 0.005 | F22: =ABS(E22-$E$23) -> 0.0018083333
C23: =AVERAGE(C11:C22) -> 6.8083333 | D23: in 5 min | E23: =AVERAGE(E11:E22) -> 0.0068083333
C24: =C23*12 -> 81.7 | D24: in 1h
C25: =C23*6 -> 40.85 | D25: in 30 min
C26: =C23/5 -> 1.3616667 | D26: per min

Sheet med_3
A1: Run Info
A2: Nozzle | C2: 460.728
A3: Pressure (pump) | C3: 2 bar
A4: Pressure (valve) | C4: Fully open
A5: Height above surface | C5: 3.0 m
A6: Sprayer used | C6: Front
A7: Date | C7: 45784
A9: Run Data
A10: y | B10: x | C10: value [mm] | D10: xi-x[mm] | E10: value [ml] | F10: xi-x[ml]
A11: 104 | B11: 50 | C11: 4.9 | D11: =ABS(C11-$C$23) -> 0.275 | E11: =C11*0.001 -> 0.0049 | F11: =ABS(E11-$E$23) -> 0.000275
A12: 104 | B12: 100 | C12: 4.8 | D12: =ABS(C12-$C$23) -> 0.375 | E12: =C12*0.001 -> 0.0048 | F12: =ABS(E12-$E$23) -> 0.000375 | H12: CU
A13: 78 | B13: 25 | C13: 4.9 | D13: =ABS(C13-$C$23) -> 0.275 | E13: =C13*0.001 -> 0.0049 | F13: =ABS(E13-$E$23) -> 0.000275 | H13: =SUM(D11:D35) -> 9.05 | I13: (sum)
A14: 78 | B14: 75 | C14: 5.2 | D14: =ABS(C14-$C$23) -> 0.025 | E14: =C14*0.001 -> 0.0052 | F14: =ABS(E14-$E$23) -> 2.5e-05 | H14: =C23*12 -> 62.1 | I14: (average*gauges n)
A15: 78 | B15: 125 | C15: 5.3 | D15: =ABS(C15-$C$23) -> 0.125 | E15: =C15*0.001 -> 0.0053 | F15: =ABS(E15-$E$23) -> 0.000125 | H15: =1-(H13/H14) -> 0.85426731
A16: 52 | B16: 50 | C16: 6.4 | D16: =ABS(C16-$C$23) -> 1.225 | E16: =C16*0.001 -> 0.0064 | F16: =ABS(E16-$E$23) -> 0.001225
A17: 52 | B17: 100 | C17: 6.7 | D17: =ABS(C17-$C$23) -> 1.525 | E17: =C17*0.001 -> 0.0067 | F17: =ABS(E17-$E$23) -> 0.001525
A18: 26 | B18: 25 | C18: 4 | D18: =ABS(C18-$C$23) -> 1.175 | E18: =C18*0.001 -> 0.004 | F18: =ABS(E18-$E$23) -> 0.001175
A19: 26 | B19: 75 | C19: 6.8 | D19: =ABS(C19-$C$23) -> 1.625 | E19: =C19*0.001 -> 0.0068 | F19: =ABS(E19-$E$23) -> 0.001625
A20: 26 | B20: 125 | C20: 4.6 | D20: =ABS(C20-$C$23) -> 0.575 | E20: =C20*0.001 -> 0.0046 | F20: =ABS(E20-$E$23) -> 0.000575
A21: 0 | B21: 50 | C21: 4 | D21: =ABS(C21-$C$23) -> 1.175 | E21: =C21*0.001 -> 0.004 | F21: =ABS(E21-$E$23) -> 0.001175
A22: 0 | B22: 100 | C22: 4.5 | D22: =ABS(C22-$C$23) -> 0.675 | E22: =C22*0.001 -> 0.0045 | F22: =ABS(E22-$E$23) -> 0.000675
C23: =AVERAGE(C11:C22) -> 5.175 | D23: in 5 min | E23: =AVERAGE(E11:E22) -> 0.005175
C24: =C23*12 -> 62.1 | D24: in 1h
C25: =C23*6 -> 31.05 | D25: in 30 min
C26: =C23/5 -> 1.035 | D26: per min

Sheet med_2
A1: Run Info
A2: Nozzle | C2: 460.728
A3: Pressure (pump) | C3: 2 bar
A4: Pressure (valve) | C4: Fully open
A5: Height above surface | C5: 3.0 m
A6: Sprayer used | C6: Front
A7: Date | C7: 45784
A9: Run Data
A10: y | B10: x | C10: value [mm] | D10: xi-x[mm] | E10: value [ml] | F10: xi-x[ml]
A11: 104 | B11: 50 | C11: 4.7 | D11: =ABS(C11-$C$23) -> 0.61666667 | E11: =C11*0.001 -> 0.0047 | F11: =ABS(E11-$E$23) -> 0.00061666667
A12: 104 | B12: 100 | C12: 5 | D12: =ABS(C12-$C$23) -> 0.31666667 | E12: =C12*0.001 -> 0.005 | F12: =ABS(E12-$E$23) -> 0.00031666667 | H12: CU
A13: 78 | B13: 25 | C13: 4.9 | D13: =ABS(C13-$C$23) -> 0.41666667 | E13: =C13*0.001 -> 0.0049 | F13: =ABS(E13-$E$23) -> 0.00041666667 | H13: =SUM(D11:D35) -> 12.033333 | I13: (sum)
A14: 78 | B14: 75 | C14: 6 | D14: =ABS(C14-$C$23) -> 0.68333333 | E14: =C14*0.001 -> 0.006 | F14: =ABS(E14-$E$23) -> 0.00068333333 | H14: =C23*12 -> 63.8 | I14: (average*gauges n)
A15: 78 | B15: 125 | C15: 5.5 | D15: =ABS(C15-$C$23) -> 0.18333333 | E15: =C15*0.001 -> 0.0055 | F15: =ABS(E15-$E$23) -> 0.00018333333 | H15: =1-(H13/H14) -> 0.81138976
A16: 52 | B16: 50 | C16: 6.8 | D16: =ABS(C16-$C$23) -> 1.4833333 | E16: =C16*0.001 -> 0.0068 | F16: =ABS(E16-$E$23) -> 0.0014833333
A17: 52 | B17: 100 | C17: 7.5 | D17: =ABS(C17-$C$23) -> 2.1833333 | E17: =C17*0.001 -> 0.0075 | F17: =ABS(E17-$E$23) -> 0.0021833333
A18: 26 | B18: 25 | C18: 4 | D18: =ABS(C18-$C$23) -> 1.3166667 | E18: =C18*0.001 -> 0.004 | F18: =ABS(E18-$E$23) -> 0.0013166667
A19: 26 | B19: 75 | C19: 6.8 | D19: =ABS(C19-$C$23) -> 1.4833333 | E19: =C19*0.001 -> 0.0068 | F19: =ABS(E19-$E$23) -> 0.0014833333
A20: 26 | B20: 125 | C20: 4.4 | D20: =ABS(C20-$C$23) -> 0.91666667 | E20: =C20*0.001 -> 0.0044 | F20: =ABS(E20-$E$23) -> 0.00091666667
A21: 0 | B21: 50 | C21: 4 | D21: =ABS(C21-$C$23) -> 1.3166667 | E21: =C21*0.001 -> 0.004 | F21: =ABS(E21-$E$23) -> 0.0013166667
A22: 0 | B22: 100 | C22: 4.2 | D22: =ABS(C22-$C$23) -> 1.1166667 | E22: =C22*0.001 -> 0.0042 | F22: =ABS(E22-$E$23) -> 0.0011166667
C23: =AVERAGE(C11:C22) -> 5.3166667 | D23: in 5 min | E23: =AVERAGE(E11:E22) -> 0.0053166667
C24: =C23*12 -> 63.8 | D24: in 1h
C25: =C23*6 -> 31.9 | D25: in 30 min
C26: =C23/5 -> 1.0633333 | D26: per min

Sheet med_1
A1: Run Info
A2: Nozzle | C2: 460.728
A3: Pressure (pump) | C3: 2 bar
A4: Pressure (valve) | C4: Fully open
A5: Height above surface | C5: 3.0 m
A6: Sprayer used | C6: Front
A7: Date | C7: 45784
A9: Run Data
A10: y | B10: x | C10: value [mm] | D10: xi-x[mm] | E10: value [ml] | F10: xi-x[ml]
A11: 104 | B11: 50 | C11: 4.5 | D11: =ABS(C11-$C$23) -> 0.80833333 | E11: =C11*0.001 -> 0.0045 | F11: =ABS(E11-$E$23) -> 0.00080833333
A12: 104 | B12: 100 | C12: 4.8 | D12: =ABS(C12-$C$23) -> 0.50833333 | E12: =C12*0.001 -> 0.0048 | F12: =ABS(E12-$E$23) -> 0.00050833333 | H12: CU
A13: 78 | B13: 25 | C13: 5 | D13: =ABS(C13-$C$23) -> 0.30833333 | E13: =C13*0.001 -> 0.005 | F13: =ABS(E13-$E$23) -> 0.00030833333 | H13: =SUM(D11:D35) -> 10.533333 | I13: (sum)
A14: 78 | B14: 75 | C14: 5.9 | D14: =ABS(C14-$C$23) -> 0.59166667 | E14: =C14*0.001 -> 0.0059 | F14: =ABS(E14-$E$23) -> 0.00059166667 | H14: =C23*12 -> 63.7 | I14: (average*gauges n)
A15: 78 | B15: 125 | C15: 5.2 | D15: =ABS(C15-$C$23) -> 0.10833333 | E15: =C15*0.001 -> 0.0052 | F15: =ABS(E15-$E$23) -> 0.00010833333 | H15: =1-(H13/H14) -> 0.83464155
A16: 52 | B16: 50 | C16: 6.7 | D16: =ABS(C16-$C$23) -> 1.3916667 | E16: =C16*0.001 -> 0.0067 | F16: =ABS(E16-$E$23) -> 0.0013916667
A17: 52 | B17: 100 | C17: 7 | D17: =ABS(C17-$C$23) -> 1.6916667 | E17: =C17*0.001 -> 0.007 | F17: =ABS(E17-$E$23) -> 0.0016916667
A18: 26 | B18: 25 | C18: 4 | D18: =ABS(C18-$C$23) -> 1.3083333 | E18: =C18*0.001 -> 0.004 | F18: =ABS(E18-$E$23) -> 0.0013083333
A19: 26 | B19: 75 | C19: 6.9 | D19: =ABS(C19-$C$23) -> 1.5916667 | E19: =C19*0.001 -> 0.0069 | F19: =ABS(E19-$E$23) -> 0.0015916667
A20: 26 | B20: 125 | C20: 4.8 | D20: =ABS(C20-$C$23) -> 0.50833333 | E20: =C20*0.001 -> 0.0048 | F20: =ABS(E20-$E$23) -> 0.00050833333
A21: 0 | B21: 50 | C21: 4 | D21: =ABS(C21-$C$23) -> 1.3083333 | E21: =C21*0.001 -> 0.004 | F21: =ABS(E21-$E$23) -> 0.0013083333
A22: 0 | B22: 100 | C22: 4.9 | D22: =ABS(C22-$C$23) -> 0.40833333 | E22: =C22*0.001 -> 0.0049 | F22: =ABS(E22-$E$23) -> 0.00040833333
C23: =AVERAGE(C11:C22) -> 5.3083333 | D23: in 5 min | E23: =AVERAGE(E11:E22) -> 0.0053083333
C24: =C23*12 -> 63.7 | D24: in 1h
C25: =C23*6 -> 31.85 | D25: in 30 min
C26: =C23/5 -> 1.0616667 | D26: per min

Sheet low_3
A1: Run Info
A2: Nozzle | C2: 460.608
A3: Pressure (pump) | C3: 2 bar
A4: Pressure (valve) | C4: Fully open
A5: Height above surface | C5: 3.0 m
A6: Sprayer used | C6: Front
A7: Date | C7: 45784
A9: Run Data
A10: y | B10: x | C10: value [mm] | D10: xi-x[mm] | E10: value [ml] | F10: xi-x[ml]
A11: 104 | B11: 50 | C11: 3.9 | D11: =ABS(C11-$C$23) -> 0.78333333 | E11: =C11*0.001 -> 0.0039 | F11: =ABS(E11-$E$23) -> 0.00078333333
A12: 104 | B12: 100 | C12: 3.2 | D12: =ABS(C12-$C$23) -> 1.4833333 | E12: =C12*0.001 -> 0.0032 | F12: =ABS(E12-$E$23) -> 0.0014833333 | H12: CU
A13: 78 | B13: 25 | C13: 3.9 | D13: =ABS(C13-$C$23) -> 0.78333333 | E13: =C13*0.001 -> 0.0039 | F13: =ABS(E13-$E$23) -> 0.00078333333 | H13: =SUM(D11:D35) -> 17.733333 | I13: (sum)
A14: 78 | B14: 75 | C14: 6.2 | D14: =ABS(C14-$C$23) -> 1.5166667 | E14: =C14*0.001 -> 0.0062 | F14: =ABS(E14-$E$23) -> 0.0015166667 | H14: =C23*12 -> 56.2 | I14: (average*gauges n)
A15: 78 | B15: 125 | C15: 3.7 | D15: =ABS(C15-$C$23) -> 0.98333333 | E15: =C15*0.001 -> 0.0037 | F15: =ABS(E15-$E$23) -> 0.00098333333 | H15: =1-(H13/H14) -> 0.68446026
A16: 52 | B16: 50 | C16: 5.7 | D16: =ABS(C16-$C$23) -> 1.0166667 | E16: =C16*0.001 -> 0.0057 | F16: =ABS(E16-$E$23) -> 0.0010166667
A17: 52 | B17: 100 | C17: 8.2 | D17: =ABS(C17-$C$23) -> 3.5166667 | E17: =C17*0.001 -> 0.0082 | F17: =ABS(E17-$E$23) -> 0.0035166667
A18: 26 | B18: 25 | C18: 3 | D18: =ABS(C18-$C$23) -> 1.6833333 | E18: =C18*0.001 -> 0.003 | F18: =ABS(E18-$E$23) -> 0.0016833333
A19: 26 | B19: 75 | C19: 7.5 | D19: =ABS(C19-$C$23) -> 2.8166667 | E19: =C19*0.001 -> 0.0075 | F19: =ABS(E19-$E$23) -> 0.0028166667
A20: 26 | B20: 125 | C20: 3.8 | D20: =ABS(C20-$C$23) -> 0.88333333 | E20: =C20*0.001 -> 0.0038 | F20: =ABS(E20-$E$23) -> 0.00088333333
A21: 0 | B21: 50 | C21: 3 | D21: =ABS(C21-$C$23) -> 1.6833333 | E21: =C21*0.001 -> 0.003 | F21: =ABS(E21-$E$23) -> 0.0016833333
A22: 0 | B22: 100 | C22: 4.1 | D22: =ABS(C22-$C$23) -> 0.58333333 | E22: =C22*0.001 -> 0.0041 | F22: =ABS(E22-$E$23) -> 0.00058333333
C23: =AVERAGE(C11:C22) -> 4.6833333 | D23: in 5 min | E23: =AVERAGE(E11:E22) -> 0.0046833333
C24: =C23*12 -> 56.2 | D24: in 1h
C25: =C23*6 -> 28.1 | D25: in 30 min
C26: =C23/5 -> 0.93666667 | D26: per min

Sheet low_2
A1: Run Info
A2: Nozzle | C2: 460.608
A3: Pressure (pump) | C3: 2 bar
A4: Pressure (valve) | C4: Fully open
A5: Height above surface | C5: 3.0 m
A6: Sprayer used | C6: Front
A7: Date | C7: 45784
A9: Run Data
A10: y | B10: x | C10: value [mm] | D10: xi-x[mm] | E10: value [ml] | F10: xi-x[ml]
A11: 104 | B11: 50 | C11: 3.9 | D11: =ABS(C11-$C$23) -> 0.84166667 | E11: =C11*0.001 -> 0.0039 | F11: =ABS(E11-$E$23) -> 0.00084166667
A12: 104 | B12: 100 | C12: 3.1 | D12: =ABS(C12-$C$23) -> 1.6416667 | E12: =C12*0.001 -> 0.0031 | F12: =ABS(E12-$E$23) -> 0.0016416667 | H12: CU
A13: 78 | B13: 25 | C13: 3.9 | D13: =ABS(C13-$C$23) -> 0.84166667 | E13: =C13*0.001 -> 0.0039 | F13: =ABS(E13-$E$23) -> 0.00084166667 | H13: =SUM(D11:D35) -> 18.783333 | I13: (sum)
A14: 78 | B14: 75 | C14: 5.9 | D14: =ABS(C14-$C$23) -> 1.1583333 | E14: =C14*0.001 -> 0.0059 | F14: =ABS(E14-$E$23) -> 0.0011583333 | H14: =C23*12 -> 56.9 | I14: (average*gauges n)
A15: 78 | B15: 125 | C15: 3.4 | D15: =ABS(C15-$C$23) -> 1.3416667 | E15: =C15*0.001 -> 0.0034 | F15: =ABS(E15-$E$23) -> 0.0013416667 | H15: =1-(H13/H14) -> 0.66988869
A16: 52 | B16: 50 | C16: 6.9 | D16: =ABS(C16-$C$23) -> 2.1583333 | E16: =C16*0.001 -> 0.0069 | F16: =ABS(E16-$E$23) -> 0.0021583333
A17: 52 | B17: 100 | C17: 7.8 | D17: =ABS(C17-$C$23) -> 3.0583333 | E17: =C17*0.001 -> 0.0078 | F17: =ABS(E17-$E$23) -> 0.0030583333
A18: 26 | B18: 25 | C18: 3 | D18: =ABS(C18-$C$23) -> 1.7416667 | E18: =C18*0.001 -> 0.003 | F18: =ABS(E18-$E$23) -> 0.0017416667
A19: 26 | B19: 75 | C19: 7.6 | D19: =ABS(C19-$C$23) -> 2.8583333 | E19: =C19*0.001 -> 0.0076 | F19: =ABS(E19-$E$23) -> 0.0028583333
A20: 26 | B20: 125 | C20: 3.5 | D20: =ABS(C20-$C$23) -> 1.2416667 | E20: =C20*0.001 -> 0.0035 | F20: =ABS(E20-$E$23) -> 0.0012416667
A21: 0 | B21: 50 | C21: 3 | D21: =ABS(C21-$C$23) -> 1.7416667 | E21: =C21*0.001 -> 0.003 | F21: =ABS(E21-$E$23) -> 0.0017416667
A22: 0 | B22: 100 | C22: 4.9 | D22: =ABS(C22-$C$23) -> 0.15833333 | E22: =C22*0.001 -> 0.0049 | F22: =ABS(E22-$E$23) -> 0.00015833333
C23: =AVERAGE(C11:C22) -> 4.7416667 | D23: in 5 min | E23: =AVERAGE(E11:E22) -> 0.0047416667
C24: =C23*12 -> 56.9 | D24: in 1h
C25: =C23*6 -> 28.45 | D25: in 30 min
C26: =C23/5 -> 0.94833333 | D26: per min

Sheet low_1
A1: Run Info
A2: Nozzle | C2: 460.608
A3: Pressure (pump) | C3: 2 bar
A4: Pressure (valve) | C4: Fully open
A5: Height above surface | C5: 3.0 m
A6: Sprayer used | C6: Front
A7: Date | C7: 45784
A9: Run Data
A10: y | B10: x | C10: value [mm] | D10: xi-x[mm] | E10: value [ml] | F10: xi-x[ml]
A11: 104 | B11: 50 | C11: 4 | D11: =ABS(C11-$C$23) -> 0.65 | E11: =C11*0.001 -> 0.004 | F11: =ABS(E11-$E$23) -> 0.00065
A12: 104 | B12: 100 | C12: 3.5 | D12: =ABS(C12-$C$23) -> 1.15 | E12: =C12*0.001 -> 0.0035 | F12: =ABS(E12-$E$23) -> 0.00115 | H12: CU
A13: 78 | B13: 25 | C13: 3.9 | D13: =ABS(C13-$C$23) -> 0.75 | E13: =C13*0.001 -> 0.0039 | F13: =ABS(E13-$E$23) -> 0.00075 | H13: =SUM(D11:D35) -> 18.4 | I13: (sum)
A14: 78 | B14: 75 | C14: 7 | D14: =ABS(C14-$C$23) -> 2.35 | E14: =C14*0.001 -> 0.007 | F14: =ABS(E14-$E$23) -> 0.00235 | H14: =C23*12 -> 55.8 | I14: (average*gauges n)
A15: 78 | B15: 125 | C15: 3.6 | D15: =ABS(C15-$C$23) -> 1.05 | E15: =C15*0.001 -> 0.0036 | F15: =ABS(E15-$E$23) -> 0.00105 | H15: =1-(H13/H14) -> 0.6702509
A16: 52 | B16: 50 | C16: 5 | D16: =ABS(C16-$C$23) -> 0.35 | E16: =C16*0.001 -> 0.005 | F16: =ABS(E16-$E$23) -> 0.00035
A17: 52 | B17: 100 | C17: 8 | D17: =ABS(C17-$C$23) -> 3.35 | E17: =C17*0.001 -> 0.008 | F17: =ABS(E17-$E$23) -> 0.00335
A18: 26 | B18: 25 | C18: 3 | D18: =ABS(C18-$C$23) -> 1.65 | E18: =C18*0.001 -> 0.003 | F18: =ABS(E18-$E$23) -> 0.00165
A19: 26 | B19: 75 | C19: 7.8 | D19: =ABS(C19-$C$23) -> 3.15 | E19: =C19*0.001 -> 0.0078 | F19: =ABS(E19-$E$23) -> 0.00315
A20: 26 | B20: 125 | C20: 3.2 | D20: =ABS(C20-$C$23) -> 1.45 | E20: =C20*0.001 -> 0.0032 | F20: =ABS(E20-$E$23) -> 0.00145
A21: 0 | B21: 50 | C21: 3 | D21: =ABS(C21-$C$23) -> 1.65 | E21: =C21*0.001 -> 0.003 | F21: =ABS(E21-$E$23) -> 0.00165
A22: 0 | B22: 100 | C22: 3.8 | D22: =ABS(C22-$C$23) -> 0.85 | E22: =C22*0.001 -> 0.0038 | F22: =ABS(E22-$E$23) -> 0.00085
C23: =AVERAGE(C11:C22) -> 4.65 | D23: in 5 min | E23: =AVERAGE(E11:E22) -> 0.00465
C24: =C23*12 -> 55.8 | D24: in 1h
C25: =C23*6 -> 27.9 | D25: in 30 min
C26: =C23/5 -> 0.93 | D26: per min
